[
  { "_id": "A101", "title": "Propulsion Assignment", "course": "RS101", "description": "Analyze different rocket propulsion mechanisms including chemical and electric options.", "points": 100, "dueDate": "2024-05-13", "availableDate": "2024-05-06" },
  { "_id": "A102", "title": "Combustion Analysis", "course": "RS101", "description": "Detailed analysis of combustion processes in rocket engines using thermochemical data.", "points": 100, "dueDate": "2024-06-15", "availableDate": "2024-05-05" },
  { "_id": "A103", "title": "Nozzle Design Project", "course": "RS101", "description": "Design a rocket nozzle for maximum efficiency; include simulations and real-world application scenarios.", "points": 100, "dueDate": "2024-06-20", "availableDate": "2024-05-10" },
  
  { "_id": "A201", "title": "Aerodynamics Quiz", "course": "RS102", "description": "A comprehensive quiz covering subsonic and supersonic aerodynamics theories.", "points": 50, "dueDate": "2024-06-12", "availableDate": "2024-05-15" },
  { "_id": "A202", "title": "Flow Analysis", "course": "RS102", "description": "Analyze air flow around an airfoil using CFD tools and compare with theoretical predictions.", "points": 100, "dueDate": "2024-06-18", "availableDate": "2024-05-20" },
  { "_id": "A203", "title": "Heating Analysis", "course": "RS102", "description": "Evaluate the thermal effects on spacecraft during re-entry to atmosphere.", "points": 100, "dueDate": "2024-06-25", "availableDate": "2024-05-25" },
  
  { "_id": "A301", "title": "Structural Design Task", "course": "RS103", "description": "Design the main structural components of a satellite using lightweight materials.", "points": 100, "dueDate": "2024-07-01", "availableDate": "2024-06-01" },
  { "_id": "A302", "title": "Orbital Calculations", "course": "RS103", "description": "Calculate and plot the orbit of a newly launched satellite.", "points": 100, "dueDate": "2024-07-05", "availableDate": "2024-06-05" },
  { "_id": "A303", "title": "Systems Engineering Exam", "course": "RS103", "description": "Examine the integration of different systems within a spacecraft, focusing on power, propulsion, and life support.", "points": 100, "dueDate": "2024-07-10", "availableDate": "2024-06-10" },
  
  { "_id": "A401", "title": "Synthesis of Aspirin", "course": "RS104", "description": "Perform the synthesis of aspirin in the lab and characterize the product using spectroscopy.", "points": 100, "dueDate": "2024-07-12", "availableDate": "2024-06-12" },
  { "_id": "A402", "title": "Stereochemistry and Chirality", "course": "RS104", "description": "Explore the concepts of stereochemistry and chirality with emphasis on their importance in biological systems.", "points": 100, "dueDate": "2024-07-17", "availableDate": "2024-06-17" },
  { "_id": "A403", "title": "Organic Reaction Mechanisms", "course": "RS104", "description": "Investigate various organic reaction mechanisms and predict the products formed.", "points": 100, "dueDate": "2024-07-22", "availableDate": "2024-06-22" },
  
  { "_id": "A501", "title": "Transition Metal Coordination Chemistry", "course": "RS105", "description": "Study the coordination chemistry of transition metals and perform experiments to synthesize complexes.", "points": 100, "dueDate": "2024-07-15", "availableDate": "2024-07-01" },
  { "_id": "A502", "title": "Properties of Ionic Compounds", "course": "RS105", "description": "Investigate the physical and chemical properties of various ionic compounds in the lab.", "points": 100, "dueDate": "2024-07-20", "availableDate": "2024-07-01" },
  { "_id": "A503", "title": "Ligand Field Theory Analysis", "course": "RS105", "description": "Apply ligand field theory to predict and explain the behavior of metal complexes.", "points": 100, "dueDate": "2024-07-25", "availableDate": "2024-07-01" },

  { "_id": "A601", "title": "Quantum Numbers and Electron Configurations", "course": "RS106", "description": "Explore quantum numbers and their significance in determining electron configurations.", "points": 100, "dueDate": "2024-08-01", "availableDate": "2024-07-10" },
  { "_id": "A602", "title": "Chemical Thermodynamics", "course": "RS106", "description": "Analyze thermodynamic principles in chemical reactions and their applications in real-world scenarios.", "points": 100, "dueDate": "2024-08-06", "availableDate": "2024-07-10" },
  { "_id": "A603", "title": "Kinetics of a Reaction", "course": "RS106", "description": "Study the rate of chemical reactions and factors affecting the speed of those reactions.", "points": 100, "dueDate": "2024-08-11", "availableDate": "2024-07-10" },

  { "_id": "A701", "title": "Elvish Script Translation", "course": "RS107", "description": "Translate and interpret various Elvish scripts, understanding their linguistic and historical significance.", "points": 100, "dueDate": "2024-08-15", "availableDate": "2024-07-15" },
  { "_id": "A702", "title": "Analysis of Dwarvish in Inscriptions", "course": "RS107", "description": "Analyze Dwarvish inscriptions and their role in the lore of Middle-earth.", "points": 100, "dueDate": "2024-08-20", "availableDate": "2024-07-15" },
  { "_id": "A703", "title": "Black Speech Decipherment Challenge", "course": "RS107", "description": "Decipher passages written in the Black Speech, discussing its creation and use within Tolkien's works.", "points": 100, "dueDate": "2024-08-25", "availableDate": "2024-07-15" },

  { "_id": "A801", "title": "Diplomatic Strategies Essay", "course": "RS108", "description": "Write an essay on the diplomatic strategies used by various races in Middle-earth to resolve conflicts.", "points": 100, "dueDate": "2024-08-02", "availableDate": "2024-07-20" },
  { "_id": "A802", "title": "Case Study on the Treaty of Elrond", "course": "RS108", "description": "Analyze the Treaty of Elrond as a case study to understand Middle-earth's diplomatic history.", "points": 100, "dueDate": "2024-08-07", "availableDate": "2024-07-20" },
  { "_id": "A803", "title": "Leadership Roles in Middle-earth", "course": "RS108", "description": "Examine the different leadership roles and their impacts on the politics of Middle-earth.", "points": 100, "dueDate": "2024-08-12", "availableDate": "2024-07-20" },

  { "_id": "A901", "title": "Magical Artifacts Report", "course": "RS109", "description": "Compile a report detailing various magical artifacts found in Middle-earth, their origins, and their powers.", "points": 100, "dueDate": "2024-08-17", "availableDate": "2024-07-25" },
  { "_id": "A902", "title": "Practitioners of Magic in Middle-earth", "course": "RS109", "description": "Research and document the key practitioners of magic in Middle-earth, including their historical background and influence.", "points": 100, "dueDate": "2024-08-22", "availableDate": "2024-07-25" },
  { "_id": "A903", "title": "Ethical Implications of Magic Use", "course": "RS109", "description": "Discuss the ethical implications and moral dilemmas of using magical powers in various contexts within Middle-earth.", "points": 100, "dueDate": "2024-08-27", "availableDate": "2024-07-25" },

  { "_id": "A1001", "title": "Democratic Schools Analysis", "course": "RS110", "description": "Analyze the concept and effectiveness of democratic schools with a focus on student participation and outcomes.", "points": 100, "dueDate": "2024-08-30", "availableDate": "2024-08-01" },
  { "_id": "A1002", "title": "Essay on Education and Civic Engagement", "course": "RS110", "description": "Write an essay on the role of education in promoting civic engagement and social responsibility.", "points": 100, "dueDate": "2024-09-05", "availableDate": "2024-08-01" },
  { "_id": "A1003", "title": "Participatory Learning in Modern Education", "course": "RS110", "description": "Evaluate the impact and methods of participatory learning in contemporary educational settings.", "points": 100, "dueDate": "2024-09-10", "availableDate": "2024-08-01" },

  { "_id": "A1101", "title": "Philosophical Foundations of Independence", "course": "RS111", "description": "Explore the philosophical foundations that have driven independence movements throughout history.", "points": 100, "dueDate": "2024-09-15", "availableDate": "2024-08-15" },
  { "_id": "A1102", "title": "Case Study: Latin American Revolutions", "course": "RS111", "description": "Examine the Latin American revolutions as case studies to understand their ideological underpinnings and outcomes.", "points": 100, "dueDate": "2024-09-20", "availableDate": "2024-08-15" },
  { "_id": "A1103", "title": "Impact of Enlightenment on Modern Movements", "course": "RS111", "description": "Analyze how Enlightenment ideas influenced modern political and independence movements.", "points": 100, "dueDate": "2024-09-25", "availableDate": "2024-08-15" },

  { "_id": "A1201", "title": "Impact of Early Innovators on Modern Education", "course": "RS112", "description": "Assess the contributions of early innovators in education and their lasting effects on today's educational practices.", "points": 100, "dueDate": "2024-10-01", "availableDate": "2024-08-20" },
  { "_id": "A1202", "title": "Comparison of 19th and 21st Century Educational Methods", "course": "RS112", "description": "Compare and contrast educational methods and theories from the 19th century to those applied in the 21st century.", "points": 100, "dueDate": "2024-10-06", "availableDate": "2024-08-20" },
  { "_id": "A1203", "title": "Simon Rodríguez's Educational Theories", "course": "RS112", "description": "Delve into Simon Rodríguez's educational theories and their influence on modern educational systems.", "points": 100, "dueDate": "2024-10-11", "availableDate": "2024-08-20" },

  { "_id": "A1131", "title": "Ethical Decision-Making in Christian Contexts", "course": "RS113", "description": "Study the frameworks of ethical decision-making within various Christian contexts.", "points": 100, "dueDate": "2024-10-15", "availableDate": "2024-08-25" },
  { "_id": "A1132", "title": "Virtues and Vices in Biblical Narratives", "course": "RS113", "description": "Explore the representation of virtues and vices in biblical narratives and their implications for ethical living.", "points": 100, "dueDate": "2024-10-20", "availableDate": "2024-08-25" },
  { "_id": "A1133", "title": "Role of Faith in Modern Ethics", "course": "RS113", "description": "Discuss the role of faith in shaping ethical behavior and moral decision-making in contemporary society.", "points": 100, "dueDate": "2024-10-25", "availableDate": "2024-09-10" },

  { "_id": "A1141", "title": "Exploring the Apostolic Age", "course": "RS114", "description": "Investigate the key events and figures of the Apostolic Age and their impact on early Christianity.", "points": 100, "dueDate": "2024-10-30", "availableDate": "2024-09-15" },
  { "_id": "A1142", "title": "The Spread of Early Christianity", "course": "RS114", "description": "Examine the factors that contributed to the spread of Christianity in the Roman Empire during the first centuries.", "points": 100, "dueDate": "2024-11-04", "availableDate": "2024-09-20" },
  { "_id": "A1143", "title": "Primary Sources in Early Christian History", "course": "RS114", "description": "Analyze primary sources to gain insights into the historical context of early Christianity.", "points": 100, "dueDate": "2024-11-09", "availableDate": "2024-09-25" },

  { "_id": "A1151", "title": "Leadership Styles in Biblical Traditions", "course": "RS115", "description": "Compare and contrast different leadership styles depicted in the Bible and their outcomes.", "points": 100, "dueDate": "2024-11-14", "availableDate": "2024-10-01" },
  { "_id": "A1152", "title": "Community Building in Christian Contexts", "course": "RS115", "description": "Explore strategies for building and sustaining community within Christian contexts.", "points": 100, "dueDate": "2024-11-19", "availableDate": "2024-10-06" },
  { "_id": "A1153", "title": "Pastoral Care and Its Challenges", "course": "RS115", "description": "Discuss the challenges and rewards of pastoral care in modern church settings.", "points": 100, "dueDate": "2024-11-24", "availableDate": "2024-10-11" },

  { "_id": "A1161", "title": "Introduction to Sufi Philosophy", "course": "RS116", "description": "Delve into the key philosophical concepts of Sufism and their influence on spiritual practices.", "points": 100, "dueDate": "2024-11-29", "availableDate": "2024-10-16" },
  { "_id": "A1162", "title": "Mystical Traditions Across Cultures", "course": "RS116", "description": "Compare mystical traditions across different cultures, focusing on their teachings and practices.", "points": 100, "dueDate": "2024-12-04", "availableDate": "2024-10-21" },
  { "_id": "A1163", "title": "The Teachings of Rumi and Their Impact", "course": "RS116", "description": "Analyze the teachings of Rumi and their impact on both historical and contemporary Sufi practices.", "points": 100, "dueDate": "2024-12-09", "availableDate": "2024-10-26" },

  {"_id": "A1171", "title": "Ethical Wisdom in Islamic Teachings", "course": "RS117", "description": "Study the ethical dimensions of Islamic teachings, exploring their relevance in contemporary ethical debates.", "points": 100, "dueDate": "2024-10-25", "availableDate": "2024-09-15"},
  {"_id": "A1172", "title": "Moral Reasoning in Islamic Thought", "course": "RS117", "description": "Examine the approaches to moral reasoning in Islamic philosophy and theology, discussing key thinkers and ideas.", "points": 50,"dueDate": "2024-10-30", "availableDate": "2024-09-20"},
  {"_id": "A1173", "title": "Khidr and the Quest for Divine Guidance", "course": "RS117", "description": "Examine the approaches to moral reasoning in Islamic philosophy and theology, discussing key thinkers and ideas.", "points": 50, "dueDate": "2024-10-30", "availableDate": "2024-09-20"},
  { "_id": "A1181", "title": "Understanding the Unseen: Islamic Esotericism", "course": "RS118", "description": "Dive into the esoteric aspects of Islam, studying how mystical interpretations impact theological principles.", "points": 100, "dueDate": "2024-11-09", "availableDate": "2024-10-01" },
  { "_id": "A1182", "title": "Esoteric Symbols in Islamic Texts", "course": "RS118", "description": "Analyze symbols used in Islamic texts that carry esoteric meanings, elucidating their significance and interpretations.", "points": 50, "dueDate": "2024-11-14", "availableDate": "2024-10-06" },
  { "_id": "A1183", "title": "Mystical Experiences and Their Significance", "course": "RS118", "description": "Examine accounts of mystical experiences in Islamic texts and their impact on believers' spiritual lives.", "points": 75, "dueDate": "2024-11-19", "availableDate": "2024-10-11" },

  { "_id": "A1191", "title": "Yu the Great and His Environmental Impact", "course": "RS119", "description": "Study the legendary figure Yu the Great, focusing on his contributions to ancient Chinese environmental management.", "points": 100, "dueDate": "2024-11-24", "availableDate": "2024-10-15" },
  { "_id": "A1192", "title": "Ancient Chinese Water Management Techniques", "course": "RS119", "description": "Explore ancient Chinese techniques for water management and their relevance to contemporary environmental challenges.", "points": 100, "dueDate": "2024-11-29", "availableDate": "2024-10-20" },
  { "_id": "A1193", "title": "Philosophical Underpinnings of Environmental Ethics", "course": "RS119", "description": "Discuss the philosophical bases for environmental ethics in ancient Chinese thought, examining texts and historical practices.", "points": 50, "dueDate": "2024-12-04", "availableDate": "2024-10-25" },

  { "_id": "A1201", "title": "Leadership Lessons from Yu the Great", "course": "RS120", "description": "Analyze the leadership qualities of Yu the Great and their impact on ancient and modern leadership theories.", "points": 100, "dueDate": "2024-12-09", "availableDate": "2024-10-30" },
  { "_id": "A1202", "title": "Mythological Figures in Chinese Leadership", "course": "RS120", "description": "Explore how mythological figures like Yu the Great are used in Chinese culture to exemplify ideal leadership traits.", "points": 50, "dueDate": "2024-12-14", "availableDate": "2024-11-04" },
  { "_id": "A1203", "title": "Ethical Governance in Ancient China", "course": "RS120", "description": "Study the principles of ethical governance as practiced by ancient Chinese rulers, with a focus on legal and moral codes.", "points": 75, "dueDate": "2024-12-19", "availableDate": "2024-11-09" },

  { "_id": "A1211", "title": "Engineering Marvels of the Ancient World", "course": "RS121", "description": "Investigate the engineering techniques and marvels of ancient civilizations, wiocus on their sustainability and innovation.", "points": 100, "dueDate": "2024-12-24", "availableDate": "2024-11-14" },
  { "_id": "A1212", "title": "Comparative Study of Ancient Hydraulic Systems", "course": "RS121", "description": "Compare ancient hydraulic engineering projects across different cultures, such as those in Mesopotamia, the Roman Empire, and China.", "points": 100, "dueDate": "2025-01-02", "availableDate": "2024-11-19" },
  { "_id": "A1213", "title": "Innovations in Hydraulic Engineering", "course": "RS121", "description": "Examine specific innovations in hydraulic engineering by ancient civilization", "points": 100, "dueDate": "2025-01-02", "availableDate": "2024-11-19" }

]