[
  {
      "_id": "A101",
      "title": "Propulsion Assignment",
      "course": "RS101",
      "points": "100",
      "dueDate": "2024-05-13",
      "fromDate": "2024-05-06",
      "untilDate": "2024-05-20"
  },
  {
      "_id": "A102",
      "title": "Combustion Analysis",
      "course": "RS101",
      "points": "100",
      "dueDate": "2024-05-13",
      "fromDate": "2024-05-06",
      "untilDate": "2024-05-20"
  },
  {
      "_id": "A103",
      "title": "Nozzle Design Project",
      "course": "RS101",
      "points": "100",
      "dueDate": "2024-05-13",
      "fromDate": "2024-05-06",
      "untilDate": "2024-05-20"
  },
  {
      "_id": "A201",
      "title": "Aerodynamics Quiz",
      "course": "RS102",
      "points": "100",
      "dueDate": "2024-05-13",
      "fromDate": "2024-05-06",
      "untilDate": "2024-05-20"
  },
  {
      "_id": "A202",
      "title": "Flow Analysis",
      "course": "RS102",
      "points": "100",
      "dueDate": "2024-05-13",
      "fromDate": "2024-05-06",
      "untilDate": "2024-05-20"
  },
  {
      "_id": "A203",
      "title": "Heating Analysis",
      "course": "RS102",
      "points": "100",
      "dueDate": "2024-05-13",
      "fromDate": "2024-05-06",
      "untilDate": "2024-05-20"
  },
  {
      "_id": "A301",
      "title": "Structural Design Task",
      "course": "RS103",
      "points": "100",
      "dueDate": "2024-05-13",
      "fromDate": "2024-05-06",
      "untilDate": "2024-05-20"
  },
  {
      "_id": "A302",
      "title": "Orbital Calculations",
      "course": "RS103",
      "points": "100",
      "dueDate": "2024-05-13",
      "fromDate": "2024-05-06",
      "untilDate": "2024-05-20"
  },
  {
      "_id": "A303",
      "title": "Systems Engineering Exam",
      "course": "RS103",
      "points": "100",
      "dueDate": "2024-05-13",
      "fromDate": "2024-05-06",
      "untilDate": "2024-05-20"
  }
]