[
 { "_id": "RS101",
  "name": "Rocket Propulsion",
  "number": "RS4550",
  "startDate": "2023-01-10",
  "endDate": "2023-05-15",
  "department": "D123",
  "credits": 4,
  "description": "This course provides an in-depth study of the fundamentals of rocket propulsion, covering topics such as propulsion theory, engine types, fuel chemistry, and the practical applications of rocket technology. Designed for students with a strong background in physics and engineering, the course includes both theoretical instruction and hands-on laboratory work.",
  "image": "/images/RS101.jpg"
},
{
  "_id": "RS102",
  "name": "Aerodynamics",
  "number": "RS4560",
  "startDate": "2023-01-10",
  "endDate": "2023-05-15",
  "department": "D123",
  "credits": 3,
  "description": "This course offers a comprehensive exploration of aerodynamics, focusing on the principles and applications of airflow and its effects on flying objects. Topics include fluid dynamics, airfoil design, lift and drag forces, and the aerodynamic considerations in aircraft design. The course blends theoretical learning with practical applications, suitable for students pursuing a career in aeronautics or astronautics engineering.",
  "image": "/images/RS102.jpg"
},
{
  "_id": "RS103",
  "name": "Spacecraft Design",
  "number": "RS4570",
  "startDate": "2023-01-10",
  "endDate": "2023-05-15",
  "department": "D123",
  "credits": 4,
  "description": "This course delves into the principles and practices of spacecraft design, offering students a detailed understanding of the engineering and technology behind spacecraft systems. Key topics include spacecraft structure, propulsion, power systems, thermal control, and payload integration. Emphasizing both theoretical concepts and practical skills, the course prepares students for careers in the space industry, with a focus on innovative design and problem-solving.",
  "image": "/images/RS103.jpg"
},
{
  "_id": "RS104",
  "name": "Organic Chemistry",
  "number": "CH1230",
  "startDate": "2023-01-10",
  "endDate": "2023-05-15",
  "department": "D134",
  "credits": 3,
  "description": "Organic Chemistry is an in-depth course that explores the structure, properties, composition, and reactions of organic compounds and materials. The course covers various topics including hydrocarbons, functional groups, stereochemistry, and organic synthesis techniques. Students will learn about the mechanisms of organic reactions, spectroscopic methods for structure determination, and the role of organic chemistry in biological systems. Emphasis is placed on problem-solving and laboratory skills.",
  "image": "/images/RS104.jpg"
},
{
  "_id": "RS105",
  "name": "Inorganic Chemistry",
  "number": "CH1240",
  "startDate": "2023-01-10",
  "endDate": "2023-05-15",
  "department": "D134",
  "credits": 3,
  "description": "Inorganic Chemistry focuses on the properties, structures, and behaviors of inorganic and organometallic compounds. This course covers a range of topics including coordination chemistry, metal complexes, bonding theories, symmetry, and crystal field theory. Students will explore the role of inorganic chemistry in real-world applications, with laboratory work emphasizing synthesis and analysis of inorganic compounds.",
  "image": "/images/RS105.jpg"
},
  {
    "_id": "RS106",
    "name": "Physical Chemistry",
    "number": "CH1250",
    "startDate": "2023-01-10",
    "endDate": "2023-05-15",
    "department": "D134",
    "credits": 3,
    "description": "Physical Chemistry merges the principles of physics and chemistry to understand the physical properties of molecules, the forces that act upon them, and the chemical reactions they undergo. Key topics include thermodynamics, kinetics, quantum mechanics, and spectroscopy. The course provides a comprehensive understanding of molecular behavior, reaction dynamics, and the application of mathematical methods in solving chemical problems.",
    "image": "/images/RS106.jpg"
  },
  {
    "_id": "RS107",
    "name": "Ancient Languages and Scripts of Middle-earth",
    "number": "ME101",
    "startDate": "2023-01-10",
    "endDate": "2023-05-15",
    "department": "Languages",
    "credits": 3,
    "description": "This course offers an exploration of the ancient languages and scripts found throughout Middle-earth, including Elvish (Sindarin and Quenya), Dwarvish (Khuzdul), and the Black Speech of Mordor. Students will learn the historical and cultural contexts of these languages, their linguistic structures, and their usage in various inscriptions and texts.",
    "image": "/images/RS107.jpg"
  },
  {
    "_id": "RS108",
    "name": "Wizards, Elves, and Men: Inter-species Diplomacy in Middle-earth",
    "number": "ME102",
    "startDate": "2023-01-10",
    "endDate": "2023-05-15",
    "department": "Political Studies",
    "credits": 4,
    "description": "This course explores the complex relationships and diplomatic interactions among the different races of Middle-earth: Elves, Men, Dwarves, and Wizards. Topics include the study of historical alliances, conflicts, and the role of leadership and wisdom in maintaining peace.",
    "image": "/images/RS108.jpg"
  },
  {
    "_id": "RS109",
    "name": "History and Practice of Middle-earth Magic",
    "number": "ME103",
    "startDate": "2023-01-10",
    "endDate": "2023-05-15",
    "department": "Mystical Studies",
    "credits": 4,
    "description": "This course delves into the mystical and magical aspects of Middle-earth, examining the sources, practitioners, and manifestations of magic. Covering a range of magical beings, students will learn about the philosophical and ethical dimensions of magic use.",
    "image": "/images/RS109.jpg"
  },
  {
    "_id": "RS110",
    "name": "Principles of Democratic Education",
    "number": "EDU201",
    "startDate": "2023-01-10",
    "endDate": "2023-05-15",
    "department": "Education",
    "credits": 3,
    "description": "This course examines the foundations of democratic education, emphasizing the role of education in fostering civic responsibility, critical thinking, and social equality. It explores historical and contemporary models of democratic schooling and participatory learning.",
    "image": "/images/RS110.jpg"
  },
  {
    "_id": "RS111",
    "name": "Philosophy of Independence and Liberation",
    "number": "HIS301",
    "startDate": "2023-01-10",
    "endDate": "2023-05-15",
    "department": "History",
    "credits": 4,
    "description": "This course provides an in-depth analysis of the philosophical underpinnings of independence and liberation movements, with a focus on Latin American history. It covers the ideologies that fueled the fight for independence, and the impact of Enlightenment thought.",
    "image": "/images/RS111.jpg"
  },
  {
    "_id": "RS112",
    "name": "Innovations in Early 19th Century Education",
    "number": "EDU303",
    "startDate": "2023-01-10",
    "endDate": "2023-05-15",
    "department": "Education",
    "credits": 3,
    "description": "Focusing on the early 19th century, this course explores innovative educational practices and theories of the time. It highlights the work of leading educational reformers and their contributions to modern pedagogy, integrating practical and theoretical knowledge.",
    "image": "/images/RS112.jpg"
  },
  {
    "_id": "RS113",
    "name": "Foundations of Christian Ethics",
    "number": "THEO101",
    "startDate": "2023-01-10",
    "endDate": "2023-05-15",
    "department": "Theology",
    "credits": 3,
    "description": "This course explores the core principles of Christian ethics as derived from biblical texts and theological traditions. It covers topics such as moral decision-making, virtues and vices, and the role of faith in ethical living.",
    "image": "/images/RS113.jpg"
  },
  {
    "_id": "RS114",
    "name": "Early Christianity and the Apostolic Age",
    "number": "HIS201",
    "startDate": "2023-01-10",
    "endDate": "2023-05-15",
    "department": "History",
    "credits": 4,
    "description": "This historical course delves into the development of early Christian communities and the Apostolic Age. It focuses on the life and teachings of Jesus Christ, the role of the Apostles, and the spread of Christianity across the Roman Empire.",
    "image": "/images/RS114.jpg"
  },
  {
    "_id": "RS115",
    "name": "Leadership and Service in Christian Communities",
    "number": "MIN301",
    "startDate": "2023-01-10",
    "endDate": "2023-05-15",
    "department": "Ministry",
    "credits": 3,
    "description": "This course offers insights into effective leadership and service within Christian communities. Drawing on biblical teachings and the example of Saint Peter, it addresses the spiritual, ethical, and practical aspects of Christian leadership.",
    "image": "/images/RS115.jpg"
  },
  {
    "_id": "RS116",
    "name": "Sufi Philosophy and Mystical Traditions",
    "number": "ISL301",
    "startDate": "2023-01-10",
    "endDate": "2023-05-15",
    "department": "Islamic Studies",
    "credits": 3,
    "description": "This course delves into the rich and profound world of Sufism, exploring its philosophical underpinnings, mystical practices, and historical development. Students will study key Sufi figures and their teachings on love, divine union, and the journey of the soul.",
    "image": "/images/RS116.jpg"
  },
  {
    "_id": "RS117",
    "name": "Ethical Wisdom in Islamic Teachings",
    "number": "ISL202",
    "startDate": "2023-01-10",
    "endDate": "2023-05-15",
    "department": "Islamic Ethics",
    "credits": 3,
    "description": "Focusing on the ethical dimensions of Islam, this course examines the moral teachings and wisdom found in the Quran and Hadith. It explores concepts such as divine guidance, free will, and moral reasoning, encouraging critical discussions on contemporary ethical dilemmas.",
    "image": "/images/RS117.jpg"
  },
  {
    "_id": "RS119",
    "name": "Ancient Chinese Environmental Management",
    "number": "ENV101",
    "startDate": "2023-01-10",
    "endDate": "2023-05-15",
    "department": "Environmental Studies",
    "credits": 3,
    "description": "This course explores the principles and practices of environmental management in ancient China, focusing on the achievements of Yu the Great in flood control and irrigation. It examines ancient approaches to water management, agriculture, and land use.",
    "image": "/images/RS119.jpg"
  },
  {
    "_id": "RS120",
    "name": "Leadership Lessons from Chinese Mythology",
    "number": "MGT201",
    "startDate": "2023-01-10",
    "endDate": "2023-05-15",
    "department": "Management Studies",
    "credits": 4,
    "description": "Drawing on stories from Chinese mythology and history, this course examines the qualities and actions of effective leaders, using Yu the Great as a central figure. It explores themes of perseverance, vision, and ethical governance.",
    "image": "/images/RS120.jpg"
  },
  {
    "_id": "RS121",
    "name": "Hydraulic Engineering in Ancient Civilizations",
    "number": "ENG303",
    "startDate": "2023-01-10",
    "endDate": "2023-05-15",
    "department": "Engineering",
    "credits": 4,
    "description": "This engineering course offers an in-depth study of hydraulic projects in ancient civilizations, with a special focus on Yu the Great's flood control systems. Covering the design, construction, and impact of ancient dams, canals, and irrigation systems, the course provides insights into early engineering marvels. Comparative studies of hydraulic engineering in other ancient civilizations, such as Mesopotamia and the Indus Valley, are also included to provide a broader historical and technological context.",
    "image": "/images/RS121.jpg"
}

]